<?xml version="1.0"?>
<assembly>
  <id>sgadmin-standalone</id>
  <formats>
    <format>zip</format>
    <format>tar.gz</format>
  </formats>
  <includeBaseDirectory>false</includeBaseDirectory>
  <fileSets>
    <fileSet>
      <directory>${project.basedir}</directory>
      <outputDirectory>${file.separator}</outputDirectory>
      <includes>
        <include>tools/**</include>
      </includes>
      <fileMode>0755</fileMode>
    </fileSet>
    <fileSet>
      <directory>${project.basedir}</directory>
      <outputDirectory>${file.separator}deps</outputDirectory>
      <includes>
        <include>sgconfig/**</include>
      </includes>
      <fileMode>0755</fileMode>
    </fileSet>
  </fileSets>
  <dependencySets>
    <dependencySet>
      <outputDirectory>${file.separator}deps</outputDirectory>
      <useProjectArtifact>true</useProjectArtifact>
      <unpack>false</unpack>
      <scope>provided</scope>
    </dependencySet>
    <dependencySet>
      <outputDirectory>${file.separator}deps</outputDirectory>
      <useProjectArtifact>true</useProjectArtifact>
      <unpack>false</unpack>
      <excludes>
        <exclude>com.floragunn:dlic*</exclude>
      </excludes>
    </dependencySet>
  </dependencySets>
</assembly>